{
  "static": {
    "word_count": {
      "peak_frequency": 0.5222222222222223,
      "peak_period_days": 1.9148936170212765,
      "peak_magnitude": 3.9838259081400422,
      "peak_bin": 46,
      "noise_floor": 1.8587262474228639,
      "noise_std": 0.7229374977214322,
      "snr": 2.143309652867733,
      "sigma": 2.9395344236743934
    },
    "hedge_density": {
      "peak_frequency": 0.8,
      "peak_period_days": 1.25,
      "peak_magnitude": 0.00048453800877011155,
      "peak_bin": 71,
      "noise_floor": 0.00020645012520812688,
      "noise_std": 0.00010379520043561973,
      "snr": 2.34699789250134,
      "sigma": 2.6791979050560446
    },
    "bullet_count": {
      "peak_frequency": 0.788888888888889,
      "peak_period_days": 1.2676056338028168,
      "peak_magnitude": 0.9594125709003695,
      "peak_bin": 70,
      "noise_floor": 0.4230929255289448,
      "noise_std": 0.21346154015655194,
      "snr": 2.2676166700280453,
      "sigma": 2.51248840881636
    },
    "sentence_count": {
      "peak_frequency": 0.8444444444444444,
      "peak_period_days": 1.1842105263157894,
      "peak_magnitude": 1.6690969248029386,
      "peak_bin": 75,
      "noise_floor": 0.560951909905693,
      "noise_std": 0.2875564739782827,
      "snr": 2.975472398486969,
      "sigma": 3.853660463860524
    }
  },
  "random": {
    "word_count": {
      "peak_frequency": 0.044444444444444446,
      "peak_period_days": 22.5,
      "peak_magnitude": 41.82498700686164,
      "peak_bin": 3,
      "noise_floor": 12.236554794709768,
      "noise_std": 8.151416896970053,
      "snr": 3.4180361799992793,
      "sigma": 3.6298514216773934
    },
    "hedge_density": {
      "peak_frequency": 0.044444444444444446,
      "peak_period_days": 22.5,
      "peak_magnitude": 0.0009567031243618719,
      "peak_bin": 3,
      "noise_floor": 0.0002998372339301587,
      "noise_std": 0.00019562598904739102,
      "snr": 3.1907415627530686,
      "sigma": 3.3577639332603466
    },
    "bullet_count": {
      "peak_frequency": 0.5777777777777778,
      "peak_period_days": 1.7307692307692306,
      "peak_magnitude": 1.4728195817157501,
      "peak_bin": 51,
      "noise_floor": 0.529666364707467,
      "noise_std": 0.29386439415705334,
      "snr": 2.7806552952049044,
      "sigma": 3.209484496118379
    },
    "sentence_count": {
      "peak_frequency": 0.5777777777777778,
      "peak_period_days": 1.7307692307692306,
      "peak_magnitude": 2.9977959398411564,
      "peak_bin": 51,
      "noise_floor": 1.1374928599432157,
      "noise_std": 0.671354891408894,
      "snr": 2.635441544653571,
      "sigma": 2.77096823707345
    }
  },
  "temporal": {
    "word_count": {
      "peak_frequency": 0.11111111111111112,
      "peak_period_days": 9.0,
      "peak_magnitude": 25.032257430907343,
      "peak_bin": 9,
      "noise_floor": 4.25342588336585,
      "noise_std": 3.603893509880291,
      "snr": 5.885198923719965,
      "sigma": 5.7656619127549344
    },
    "hedge_density": {
      "peak_frequency": 0.03333333333333333,
      "peak_period_days": 30.0,
      "peak_magnitude": 8.179287075537483e-05,
      "peak_bin": 2,
      "noise_floor": 7.597771056279406e-05,
      "noise_std": 6.3654670808006675e-06,
      "snr": 1.0765377128305893,
      "sigma": 0.9135480741264506
    },
    "bullet_count": {
      "peak_frequency": 0.011111111111111112,
      "peak_period_days": 90.0,
      "peak_magnitude": 1.2633697302308236,
      "peak_bin": 0,
      "noise_floor": 0.06314682108017612,
      "noise_std": 0.09977342181961249,
      "snr": 20.006861923053116,
      "sigma": 12.029485280364707
    },
    "sentence_count": {
      "peak_frequency": 0.011111111111111112,
      "peak_period_days": 90.0,
      "peak_magnitude": 2.6793383304972997,
      "peak_bin": 0,
      "noise_floor": 0.23339487911740842,
      "noise_std": 0.23286471290248215,
      "snr": 11.479850546118746,
      "sigma": 10.503710162407435
    },
    "input_empathy": {
      "peak_frequency": 0.11111111111111112,
      "peak_period_days": 9.0,
      "peak_magnitude": 0.07712220815394721,
      "peak_bin": 9,
      "noise_floor": 0.010869558597404322,
      "noise_std": 0.011408076774228747,
      "snr": 7.095247471444166,
      "sigma": 5.807521361199988
    },
    "input_execution": {
      "peak_frequency": 0.011111111111111112,
      "peak_period_days": 90.0,
      "peak_magnitude": 0.12285806210983087,
      "peak_bin": 0,
      "noise_floor": 0.006631065808097091,
      "noise_std": 0.010014709014652233,
      "snr": 18.527649350095547,
      "sigma": 11.605628893628902
    },
    "input_authority": {
      "peak_frequency": 0.011111111111111112,
      "peak_period_days": 90.0,
      "peak_magnitude": 0.12728717137969642,
      "peak_bin": 0,
      "noise_floor": 0.007517082257271252,
      "noise_std": 0.012309075296277538,
      "snr": 16.93305554247087,
      "sigma": 9.73022637684616
    }
  }
}